{"bigfish/ep_len_mean": 129.68, "bigfish/avg_value": 1.2999694347381592, "bigfish/custom_loss": 0, "bigfish/eplenmean": 129.68, "bigfish/eprew": 1.7394189300000003, "bigfish/eprew_eval": 1.46035387, "bigfish/cluster_loss": 3.9134459495544434, "bigfish/silhouette_score": 1, "bigfish/value_i_loss": 0.0, "bigfish/myow_loss": 0.14823433756828308, "bigfish/mean_adv_ratio": -4.548811435699463, "bigfish/r_i_scale": 0.0, "bigfish/custom_step": 98304, "_runtime": 292, "_timestamp": 1619128353, "_step": 11}