{"bigfish/ep_len_mean": 126.11, "bigfish/eprew": 1.5600869400000001, "bigfish/eprew_eval": 1.5871310600000001, "bigfish/curl_loss": 55.451778411865234, "bigfish/custom_step": 21872640, "_runtime": 16422, "_timestamp": 1618987746, "_step": 2669}